run	Gbp	taxon_name	isolation_source
SRR10829621	0.378	Escherichia coli	blood
SRR10829622	0.431	Escherichia coli	wound
SRR10829623	0.427	Escherichia coli	respiratory tract
SRR10829624	0.412	Escherichia coli	blood
SRR11622451	1.134	Klebsiella pneumoniae	rectal
SRR11622452	1.002	Klebsiella pneumoniae	wound
SRR11622453	0.99	Klebsiella pneumoniae	line tip
SRR11622454	1.166	Klebsiella pneumoniae	genital
SRR11622455	1.002	Klebsiella pneumoniae	wound
SRR11622456	1.02	Klebsiella pneumoniae	respiratory
SRR11622457	1.055	Klebsiella pneumoniae	respiratory
SRR11622458	1.087	Klebsiella pneumoniae	gastrointestinal
SRR11622459	1.168	Klebsiella pneumoniae	gastrointestinal
SRR11622460	1.002	Klebsiella pneumoniae	wound
SRR11622461	1.212	Klebsiella pneumoniae	wound
SRR11622462	1.107	Klebsiella pneumoniae	gastrointestinal
SRR11622463	0.98	Klebsiella quasipneumoniae	gastrointestinal
SRR11622464	1.269	Klebsiella pneumoniae	gastrointestinal
SRR11622465	0.997	Klebsiella pneumoniae	genital
SRR11622466	1.223	Klebsiella pneumoniae	wound
SRR11622467	1.235	Klebsiella pneumoniae	urinary
SRR11622468	1.121	Klebsiella pneumoniae	line tip
SRR11622469	1.042	Klebsiella pneumoniae	urinary
SRR11622470	0.962	Klebsiella pneumoniae	urinary
SRR11622471	1.147	Klebsiella pneumoniae	wound
SRR11622472	1.08	Klebsiella pneumoniae	rectal
SRR11622473	1.083	Klebsiella pneumoniae	wound
SRR11622474	1.049	Klebsiella pneumoniae	respiratory
SRR11622475	0.992	Klebsiella pneumoniae	urinary
SRR11622476	0.902	Klebsiella pneumoniae	wound
SRR11622477	1.1	Klebsiella pneumoniae	urinary
SRR11622478	1.065	Klebsiella pneumoniae	urinary
SRR11622479	0.889	Klebsiella pneumoniae	wound
SRR11622480	1.236	Klebsiella pneumoniae	blood
SRR11622481	1.004	Klebsiella pneumoniae	urinary
SRR11622482	1.148	Klebsiella pneumoniae	urinary
SRR11622483	1.095	Klebsiella pneumoniae	urinary
SRR11622485	1.073	Klebsiella pneumoniae	urinary
SRR11622486	1.024	Klebsiella pneumoniae	urinary
SRR11622487	1.307	Klebsiella pneumoniae	urinary
SRR11622488	1.198	Klebsiella pneumoniae	respiratory
SRR11622489	1.097	Klebsiella pneumoniae	urinary
SRR11622490	1.042	Klebsiella pneumoniae	urinary
SRR11622491	1.099	Klebsiella pneumoniae	urinary
SRR11622492	1.252	Klebsiella quasipneumoniae	wound
SRR11622493	1.106	Klebsiella pneumoniae	wound
SRR11622494	0.974	Klebsiella pneumoniae	urinary
SRR11622495	1.197	Klebsiella pneumoniae	respiratory
SRR11622496	1.11	Klebsiella pneumoniae	urinary
SRR11622497	1.247	Klebsiella pneumoniae	urinary
SRR11622498	1.173	Klebsiella pneumoniae	blood
SRR11622499	1.292	Klebsiella pneumoniae	blood
SRR11622500	1.221	Klebsiella pneumoniae	respiratory
SRR11622501	1.194	Klebsiella pneumoniae	line tip
SRR11622502	1.405	Klebsiella pneumoniae	blood
SRR11622503	1.18	Klebsiella pneumoniae	urinary
SRR11622504	1.054	Klebsiella pneumoniae	urinary
SRR11622505	1.119	Klebsiella pneumoniae	urinary
SRR11622506	1.293	Klebsiella pneumoniae	blood
SRR11622507	1.119	Klebsiella pneumoniae	blood
SRR11622508	1.057	Klebsiella pneumoniae	respiratory
SRR11622509	1.263	Klebsiella pneumoniae	respiratory
SRR11622510	1.24	Klebsiella pneumoniae	blood
SRR11622511	1.067	Klebsiella pneumoniae	genital
SRR11622512	1.139	Klebsiella pneumoniae	blood
SRR11622513	1.157	Klebsiella pneumoniae	blood
SRR11622514	1.084	Klebsiella pneumoniae	wound
SRR11622515	1.208	Klebsiella pneumoniae	wound
SRR11622516	1.177	Klebsiella quasipneumoniae	gastrointestinal
SRR11622517	1.069	Klebsiella pneumoniae	blood
SRR11622518	1.082	Klebsiella pneumoniae	rectal
SRR11622519	1.119	Klebsiella pneumoniae	blood
SRR11622520	0.999	Klebsiella pneumoniae	genital
SRR11622521	1.102	Klebsiella pneumoniae	wound
SRR11622522	1.039	Klebsiella pneumoniae	urinary
SRR11622523	0.971	Klebsiella pneumoniae	blood
SRR11622524	1.226	Klebsiella pneumoniae	urinary
SRR11622525	1.091	Klebsiella pneumoniae	urinary
SRR11622526	1.059	Klebsiella pneumoniae	gastrointestinal
SRR11622527	1.172	Klebsiella pneumoniae	wound
SRR11622528	0.964	Klebsiella pneumoniae	wound
SRR11622529	1.111	Klebsiella pneumoniae	urinary
SRR11622530	1.202	Klebsiella pneumoniae	respiratory
SRR11622531	1.08	Klebsiella pneumoniae	wound
SRR11622532	1.06	Klebsiella pneumoniae	wound
SRR11622534	0.992	Klebsiella quasipneumoniae	urinary
SRR11622535	0.954	Klebsiella pneumoniae	genital
SRR11622536	1.039	Klebsiella pneumoniae	respiratory
SRR11622537	1.185	Klebsiella pneumoniae	urinary
SRR11622539	1.066	Klebsiella pneumoniae	wound
SRR11622540	1.198	Klebsiella pneumoniae	rectal
SRR11622541	1.128	Klebsiella pneumoniae	rectal
SRR11622542	0.929	Klebsiella pneumoniae	respiratory
SRR11622543	1.004	Klebsiella pneumoniae	blood
SRR11622544	1.096	Klebsiella pneumoniae	gastrointestinal
SRR11622545	1.193	Klebsiella pneumoniae	blood
SRR11622546	0.977	Klebsiella pneumoniae	gastrointestinal
SRR11622548	1.051	Klebsiella pneumoniae	gastrointestinal
SRR11622549	1.12	Klebsiella pneumoniae	gastrointestinal
SRR11622550	1.01	Klebsiella pneumoniae	respiratory
SRR11622551	1.012	Klebsiella pneumoniae	gastrointestinal
SRR11622552	1.033	Klebsiella pneumoniae	blood
SRR11622553	1.114	Klebsiella pneumoniae	blood
SRR11622555	1.214	Klebsiella pneumoniae	urinary
SRR11622556	0.954	Klebsiella pneumoniae	wound
SRR11622557	1.054	Klebsiella pneumoniae	blood
SRR11622558	0.96	Klebsiella pneumoniae	respiratory
SRR11622559	1.074	Klebsiella pneumoniae	respiratory
SRR11622560	1.04	Klebsiella pneumoniae	blood
SRR11622561	1.258	Klebsiella pneumoniae	blood
SRR11622562	1.037	Klebsiella pneumoniae	blood
SRR11622563	1.012	Klebsiella pneumoniae	respiratory
SRR11622564	1.154	Klebsiella pneumoniae	gastrointestinal
SRR11622565	1.012	Klebsiella pneumoniae	respiratory
SRR11622566	1.1	Klebsiella pneumoniae	gastrointestinal
SRR11622567	1.028	Klebsiella pneumoniae	wound
SRR11622568	1.043	Klebsiella pneumoniae	blood
SRR11622569	0.949	Klebsiella pneumoniae	wound
SRR11622570	1.009	Klebsiella pneumoniae	respiratory
SRR11622571	1.162	Klebsiella pneumoniae	wound
SRR11622572	1.05	Klebsiella pneumoniae	blood
SRR11622573	1.038	Klebsiella pneumoniae	blood
SRR11622574	1.087	Klebsiella pneumoniae	wound
SRR11622575	0.984	Klebsiella variicola	wound
SRR11622576	0.963	Klebsiella pneumoniae	wound
SRR11622577	1.003	Klebsiella pneumoniae	gastrointestinal
SRR11622578	0.892	Klebsiella pneumoniae	bone
SRR11622579	1.111	Klebsiella pneumoniae	urinary
SRR11622580	1.027	Klebsiella pneumoniae	blood
SRR11622581	1.112	Klebsiella pneumoniae	wound
SRR11622582	1.053	Klebsiella pneumoniae	wound
SRR11622583	0.884	Klebsiella pneumoniae	wound
SRR11622584	1.114	Klebsiella pneumoniae	blood
SRR11622585	1.156	Klebsiella pneumoniae	blood
SRR11622586	1.157	Klebsiella pneumoniae	respiratory
SRR11622588	0.972	Klebsiella pneumoniae	urinary
SRR11622589	0.964	Klebsiella pneumoniae	blood
SRR11622590	1.191	Klebsiella pneumoniae	wound
SRR11622591	0.997	Klebsiella pneumoniae	wound
SRR11622592	1.029	Klebsiella pneumoniae	wound
SRR11622593	0.977	Klebsiella pneumoniae	wound
SRR11622594	1.069	Klebsiella pneumoniae	wound
SRR11622595	0.892	Klebsiella quasipneumoniae subsp. quasipneumoniae	gastrointestinal
SRR11622596	1.062	Klebsiella pneumoniae	urinary
SRR11622597	1.027	Klebsiella pneumoniae	urinary
SRR11622598	1.04	Klebsiella pneumoniae	gastrointestinal
SRR11622599	1.089	Klebsiella pneumoniae	urinary
SRR11622600	1.081	Klebsiella quasipneumoniae	wound
SRR11622601	1.046	Klebsiella pneumoniae	bone
SRR11622602	0.959	Klebsiella pneumoniae	urinary
SRR11622603	1.095	Klebsiella pneumoniae	gastrointestinal
SRR11622604	1.059	Klebsiella variicola subsp. variicola	urinary
SRR11622605	1.074	Klebsiella pneumoniae	urinary
SRR11622606	1.058	Klebsiella pneumoniae	urinary
SRR11622607	1.28	Klebsiella variicola subsp. variicola	respiratory
SRR11622608	0.915	Klebsiella pneumoniae	wound
SRR11622609	1.028	Klebsiella pneumoniae	wound
SRR11622610	1.025	Klebsiella pneumoniae	rectal
SRR11622611	1.168	Klebsiella pneumoniae	blood
SRR11622612	1.126	Klebsiella pneumoniae	blood
SRR11992849	0.32	Klebsiella aerogenes	RECTAL
SRR11992850	0.454	Klebsiella pneumoniae	RECTAL
SRR11992851	0.402	Klebsiella pneumoniae	RECTAL
SRR11992854	0.423	Klebsiella pneumoniae	RECTAL
SRR11992855	0.375	Klebsiella pneumoniae	RECTAL
SRR11992857	0.382	Klebsiella pneumoniae	respiratory
SRR11992858	0.441	Klebsiella pneumoniae	respiratory
SRR11992859	0.488	Klebsiella pneumoniae	RECTAL
SRR11992860	0.517	Klebsiella pneumoniae	RECTAL
SRR11992861	0.374	Klebsiella pneumoniae	wound
SRR11992862	0.371	Klebsiella pneumoniae	blood
SRR11992863	0.487	Klebsiella quasipneumoniae	RECTAL
SRR11992864	0.487	Klebsiella pneumoniae	RECTAL
SRR11992866	0.389	Klebsiella pneumoniae	RECTAL
SRR11992867	0.447	Klebsiella aerogenes	blood
SRR11992868	0.426	Klebsiella pneumoniae	blood
SRR11992872	0.326	Klebsiella quasipneumoniae	RECTAL
SRR11992873	0.363	Klebsiella pneumoniae	URINARY
SRR11992874	0.365	Klebsiella quasipneumoniae	RECTAL
SRR11992876	0.38	Klebsiella pneumoniae	respiratory
SRR11992878	0.279	Klebsiella aerogenes	GASTROINTESTINAL
SRR11992879	0.369	Klebsiella michiganensis	RECTAL
SRR11992880	0.398	Klebsiella variicola subsp. variicola	respiratory
SRR11992881	0.423	Klebsiella pneumoniae	RECTAL
SRR11992882	0.436	Klebsiella pneumoniae	blood
SRR11992883	1.033	Klebsiella aerogenes	wound
SRR11992884	0.388	Klebsiella pneumoniae	blood
SRR11992885	0.411	Klebsiella quasipneumoniae	respiratory
SRR11992886	0.417	Klebsiella pneumoniae	RECTAL
SRR11992887	0.414	Klebsiella pneumoniae	respiratory
SRR11992888	0.392	Klebsiella pneumoniae	wound
SRR11992889	1.173	Klebsiella aerogenes	GASTROINTESTINAL
SRR11992890	0.435	Klebsiella pneumoniae	blood
SRR11992891	0.41	Klebsiella pneumoniae	URINARY
SRR11992892	0.363	Klebsiella quasipneumoniae	RECTAL
SRR11992893	0.361	Klebsiella pneumoniae	RECTAL
SRR11992894	0.387	Klebsiella pneumoniae	wound
SRR11992896	0.371	Klebsiella pneumoniae	GASTROINTESTINAL
SRR11992897	0.38	Klebsiella pneumoniae	RECTAL
SRR11992898	0.333	Klebsiella pneumoniae	URINARY
SRR11992899	0.427	Klebsiella pneumoniae	GASTROINTESTINAL
SRR11992900	1.132	Klebsiella aerogenes	respiratory
SRR11992901	0.375	Klebsiella pneumoniae	RECTAL
SRR11992902	0.386	Klebsiella pneumoniae	URINARY
SRR11992906	0.356	Klebsiella quasipneumoniae	RECTAL
SRR11992908	0.345	Klebsiella quasipneumoniae	respiratory
SRR11992909	0.378	Klebsiella pneumoniae	URINARY
SRR11992910	0.35	Klebsiella quasipneumoniae	respiratory
SRR11992911	0.402	Klebsiella pneumoniae	URINARY
SRR11992912	0.404	Klebsiella quasipneumoniae	blood
SRR11992913	0.372	Klebsiella pneumoniae	wound
SRR11992914	0.355	Klebsiella pneumoniae	respiratory
SRR11992915	0.459	Klebsiella pneumoniae	wound
SRR11992916	0.339	Klebsiella pneumoniae	wound
SRR11992917	1.278	Klebsiella pneumoniae	RECTAL
SRR11992918	0.43	Klebsiella quasipneumoniae	blood
SRR11992922	0.353	Klebsiella pneumoniae	URINARY
SRR11992923	0.356	Klebsiella michiganensis	respiratory
SRR11992924	0.412	Klebsiella pneumoniae	blood
SRR11992925	0.524	Klebsiella pneumoniae	RECTAL
SRR11992926	0.371	Klebsiella quasipneumoniae	blood
SRR11992927	0.441	Klebsiella pneumoniae	respiratory
SRR11992928	0.481	Klebsiella quasipneumoniae	RECTAL
SRR11992930	0.941	Klebsiella aerogenes	wound
SRR11992931	1.045	Klebsiella aerogenes	wound
SRR11992932	0.39	Klebsiella pneumoniae	swab
SRR11992933	0.851	Klebsiella aerogenes	URINARY
SRR11992934	0.933	Klebsiella aerogenes	wound
SRR11992935	1.21	Klebsiella aerogenes	GASTROINTESTINAL
SRR11992936	1.155	Klebsiella aerogenes	wound
SRR11992938	1.153	Klebsiella aerogenes	wound
SRR11992939	1.149	Klebsiella michiganensis	wound
SRR11992940	0.406	Klebsiella pneumoniae	RECTAL
SRR11992941	0.346	Klebsiella pneumoniae	RECTAL
SRR11992942	1.185	Klebsiella pneumoniae	GASTROINTESTINAL
SRR11992943	0.388	Klebsiella pneumoniae	blood
SRR11992945	0.456	Klebsiella pneumoniae	RECTAL
SRR11992946	0.382	Klebsiella pneumoniae	RECTAL
SRR11992947	0.465	Klebsiella quasipneumoniae	RECTAL
SRR11992948	0.36	Klebsiella pneumoniae	RECTAL
SRR11992949	0.601	Klebsiella pneumoniae	RECTAL
SRR11992950	0.349	Klebsiella pneumoniae	RECTAL
SRR11992951	0.517	Klebsiella pneumoniae	URINARY
SRR11992952	0.348	Klebsiella pneumoniae	RECTAL
SRR11992954	0.36	Klebsiella pneumoniae	bone
SRR11992955	0.398	Klebsiella pneumoniae	URINARY
SRR11992957	0.305	Klebsiella pneumoniae	RECTAL
SRR11992958	0.636	Klebsiella pneumoniae	RECTAL
SRR11992959	0.6	Klebsiella oxytoca	RECTAL
SRR11992960	0.464	Klebsiella pneumoniae	RECTAL
SRR11992961	0.595	Klebsiella pneumoniae	RECTAL
SRR11992964	0.314	Klebsiella oxytoca	RECTAL
SRR11992966	0.411	Klebsiella pneumoniae	wound
SRR11992968	0.603	Klebsiella quasipneumoniae	RECTAL
SRR11992969	0.515	Klebsiella quasipneumoniae subsp. quasipneumoniae	RECTAL
SRR11992970	0.544	Klebsiella pneumoniae	RECTAL
SRR11992971	0.466	Klebsiella quasipneumoniae subsp. quasipneumoniae	RECTAL
SRR11992972	0.35	Klebsiella pneumoniae	RECTAL
SRR11992973	0.374	Klebsiella pneumoniae	RECTAL
SRR11992974	0.421	Klebsiella pneumoniae	RECTAL
SRR11992975	0.357	Klebsiella pneumoniae	blood
SRR11992976	0.377	Klebsiella pneumoniae	RECTAL
SRR11992977	0.351	Klebsiella pneumoniae	GASTROINTESTINAL
SRR11992978	0.403	Klebsiella pneumoniae	RECTAL
SRR11992979	0.381	Klebsiella pneumoniae	blood
SRR11992980	0.406	Klebsiella pneumoniae	RECTAL
SRR11992981	0.464	Klebsiella pneumoniae	RECTAL
SRR11992982	0.456	Klebsiella oxytoca	RECTAL
SRR11992983	0.547	Klebsiella pneumoniae	RECTAL
SRR11992984	0.363	Klebsiella pneumoniae	RECTAL
SRR11992985	0.403	Klebsiella pneumoniae	bone
SRR11992986	0.352	Klebsiella pneumoniae	RECTAL
SRR11992987	0.369	Klebsiella quasipneumoniae subsp. quasipneumoniae	RECTAL
SRR11992988	0.422	Klebsiella pneumoniae	blood
SRR11992989	0.414	Klebsiella quasipneumoniae subsp. quasipneumoniae	RECTAL
SRR11992990	0.398	Klebsiella pneumoniae	RECTAL
SRR11992991	0.412	Klebsiella pneumoniae	RECTAL
SRR11992992	0.332	Klebsiella pneumoniae	wound
SRR11992993	0.42	Klebsiella michiganensis	RECTAL
SRR11992994	0.301	Klebsiella pneumoniae	URINARY
SRR11992995	0.358	Klebsiella pneumoniae	RECTAL
SRR11992996	0.385	Klebsiella pneumoniae	RECTAL
SRR11992997	0.37	Klebsiella pneumoniae	URINARY
SRR11992998	0.298	Klebsiella pneumoniae	RECTAL
SRR11992999	0.388	Klebsiella pneumoniae	wound
SRR11993000	0.398	Klebsiella pneumoniae	URINARY
SRR11993001	0.426	Klebsiella pneumoniae	RECTAL
SRR11993002	0.335	Klebsiella pneumoniae	URINARY
SRR11993003	0.33	Klebsiella quasipneumoniae	RECTAL
SRR11993004	0.421	Klebsiella pneumoniae	RECTAL
SRR11993006	0.316	Klebsiella aerogenes	RECTAL
SRR11993007	0.437	Klebsiella michiganensis	RECTAL
SRR11993008	0.38	Klebsiella oxytoca	RECTAL
SRR11993009	0.333	Klebsiella pneumoniae	respiratory
SRR11993010	0.459	Klebsiella pneumoniae	URINARY
SRR11993011	0.392	Klebsiella pneumoniae	RECTAL
SRR11993012	0.384	Klebsiella pneumoniae	RECTAL
SRR11993016	0.394	Klebsiella quasipneumoniae	RECTAL
SRR11993017	0.426	Klebsiella quasipneumoniae	RECTAL
SRR11993018	0.327	Klebsiella quasipneumoniae	RECTAL
SRR11993019	0.529	Klebsiella pneumoniae	RECTAL
SRR11993020	0.356	Klebsiella quasipneumoniae subsp. quasipneumoniae	RECTAL
SRR11993021	0.381	Klebsiella pneumoniae	blood
SRR11993022	0.371	Klebsiella quasipneumoniae subsp. quasipneumoniae	RECTAL
SRR11993023	0.511	Klebsiella pneumoniae	RECTAL
SRR11993025	0.326	Klebsiella michiganensis	RECTAL
SRR11993026	0.514	Klebsiella pneumoniae	RECTAL
SRR11993027	0.493	Klebsiella pneumoniae	RECTAL
SRR11993028	0.304	Klebsiella aerogenes	URINARY
SRR11993029	0.337	Klebsiella pneumoniae	RECTAL
SRR11993030	0.541	Klebsiella quasipneumoniae subsp. similipneumoniae	respiratory
SRR11993031	0.467	Klebsiella pneumoniae	blood
SRR11993032	0.387	Klebsiella aerogenes	URINARY
SRR11993033	0.466	Klebsiella pneumoniae	URINARY
SRR11993034	0.352	Klebsiella pneumoniae	RECTAL
SRR11993038	0.603	Klebsiella pneumoniae	RECTAL
SRR11993039	0.332	Klebsiella pneumoniae	RECTAL
SRR11993040	0.311	Klebsiella pneumoniae	RECTAL
SRR11993043	0.347	Klebsiella aerogenes	RECTAL
SRR11993044	0.508	Klebsiella pneumoniae	RECTAL
SRR11993045	0.459	Klebsiella pneumoniae	RECTAL
SRR11993047	0.572	Klebsiella quasipneumoniae	RECTAL
SRR11993049	0.304	Klebsiella pneumoniae	RECTAL
SRR11993051	0.496	Klebsiella pneumoniae	blood
SRR11993053	0.343	Klebsiella quasipneumoniae	RECTAL
SRR11993054	0.467	Klebsiella aerogenes	wound
SRR11993056	0.495	Klebsiella pneumoniae	RECTAL
SRR11993057	0.392	Klebsiella pneumoniae	RECTAL
SRR11993059	0.343	Klebsiella pneumoniae	RECTAL
SRR11993061	0.351	Klebsiella pneumoniae	RECTAL
SRR11993062	0.415	Klebsiella pneumoniae	RECTAL
SRR11993063	0.454	Klebsiella pneumoniae	RECTAL
SRR11993064	0.367	Klebsiella pneumoniae	GASTROINTESTINAL
SRR11993066	0.394	Klebsiella pneumoniae	URINARY
SRR11993067	0.415	Klebsiella pneumoniae	URINARY
SRR13873151	2.268	Klebsiella pneumoniae	GASTROINTESTINAL
SRR13873152	2.411	Klebsiella quasipneumoniae subsp. similipneumoniae	wound
SRR13873153	2.607	Klebsiella pneumoniae	wound
SRR13873154	2.339	Klebsiella quasipneumoniae subsp. similipneumoniae	URINARY
SRR13873155	2.399	Klebsiella pneumoniae	blood
SRR13873156	1.293	Klebsiella pneumoniae	URINARY
SRR13873157	2.333	Klebsiella pneumoniae	GASTROINTESTINAL
SRR13873158	0.799	Klebsiella pneumoniae	URINARY
SRR13873159	1.476	Klebsiella pneumoniae	URINARY
SRR13873160	1.33	Klebsiella pneumoniae	GASTROINTESTINAL
SRR13873161	1.708	Klebsiella pneumoniae	GASTROINTESTINAL
SRR13873162	1.811	Klebsiella pneumoniae	GASTROINTESTINAL
SRR13873164	0.948	Klebsiella quasipneumoniae	RECTAL
SRR13873165	0.866	Klebsiella pneumoniae	wound
SRR13873166	1.1	Klebsiella pneumoniae	RECTAL
SRR13873167	2.179	Klebsiella pneumoniae	GASTROINTESTINAL
SRR13873168	1.232	Klebsiella pneumoniae	RECTAL
SRR13873169	1.021	Klebsiella aerogenes	RECTAL
SRR13873170	1.133	Klebsiella oxytoca	RECTAL
SRR13873171	0.848	Klebsiella quasipneumoniae	RECTAL
SRR13873172	1.142	Klebsiella pneumoniae	wound
SRR13873173	1.171	Klebsiella quasipneumoniae	RECTAL
SRR13873174	0.979	Klebsiella quasipneumoniae	RECTAL
SRR13873175	1.11	Klebsiella pneumoniae	wound
SRR13873176	1.041	Klebsiella pneumoniae	RECTAL
SRR13873177	1.088	Klebsiella quasipneumoniae	RECTAL
SRR13873178	2.025	Klebsiella pneumoniae	RECTAL
SRR13873179	1.063	Klebsiella pneumoniae	RECTAL
SRR13873180	0.973	Klebsiella aerogenes	URINARY
SRR13873181	1.108	Klebsiella pneumoniae	RECTAL
SRR13873182	0.704	Klebsiella pneumoniae	URINARY
SRR13873183	2.118	Klebsiella oxytoca	respiratory
SRR13873184	0.953	Klebsiella pneumoniae	URINARY
SRR13873185	1.093	Klebsiella pneumoniae	URINARY
SRR13873186	2.285	Klebsiella pneumoniae	wound
SRR13873188	2.26	Klebsiella pneumoniae	GASTROINTESTINAL
SRR13873189	2.197	Klebsiella pneumoniae	blood
SRR13873190	2.373	Klebsiella pneumoniae	blood
SRR13873191	1.361	Klebsiella pneumoniae	URINARY
SRR13873192	1.471	Klebsiella pneumoniae	respiratory
SRR13873193	1.074	Klebsiella quasipneumoniae	wound
SRR13873194	2.17	Klebsiella pneumoniae	respiratory
SRR13873195	2.357	Klebsiella pneumoniae	blood
SRR13873196	2.201	Klebsiella pneumoniae	blood
SRR13873197	2.507	Klebsiella pneumoniae	blood
SRR13873200	2.109	Klebsiella pneumoniae	respiratory
SRR13873201	1.294	Klebsiella pneumoniae	URINARY
SRR13873202	2.43	Klebsiella pneumoniae	respiratory
SRR13873204	1.147	Klebsiella pneumoniae	URINARY
SRR13873205	2.41	Klebsiella pneumoniae	GASTROINTESTINAL
SRR13873206	2.11	Klebsiella pneumoniae	blood
SRR13873207	2.288	Klebsiella pneumoniae	respiratory
SRR13873208	2.566	Klebsiella pneumoniae	respiratory
SRR13873209	2.144	Klebsiella pneumoniae	respiratory
SRR13873210	1.435	Klebsiella pneumoniae	URINARY
SRR13873211	1.195	Klebsiella pneumoniae	URINARY
SRR13873212	1.562	Klebsiella pneumoniae	URINARY
SRR13873213	1.182	Klebsiella pneumoniae	URINARY
SRR13873214	2.195	Klebsiella quasipneumoniae subsp. similipneumoniae	blood
SRR13873215	2.36	Klebsiella pneumoniae	blood
SRR13873216	2.256	Klebsiella pneumoniae	respiratory
SRR13873217	2.287	Klebsiella pneumoniae	blood
SRR13873218	2.067	Klebsiella pneumoniae	blood
SRR13873219	2.553	Klebsiella pneumoniae	respiratory
SRR13873220	2.463	Klebsiella aerogenes	blood
SRR13873221	1.536	Klebsiella pneumoniae	URINARY
SRR13873223	1.399	Klebsiella pneumoniae	URINARY
SRR13873224	1.307	Klebsiella oxytoca	URINARY
SRR13873225	2.428	Klebsiella pneumoniae	RECTAL
SRR13873226	2.27	Klebsiella pneumoniae	blood
SRR13873227	1.178	Klebsiella pneumoniae	URINARY
SRR13873228	2.095	Klebsiella pneumoniae	blood
SRR13873229	2.159	Klebsiella pneumoniae	respiratory
SRR13873230	2.307	Klebsiella pneumoniae	bone
SRR13873231	2.049	Klebsiella pneumoniae	GASTROINTESTINAL
SRR13873232	2.117	Klebsiella pneumoniae	respiratory
SRR13873233	1.489	Klebsiella pneumoniae	respiratory
SRR13873234	1.284	Klebsiella pneumoniae	URINARY
SRR13873235	1.548	Klebsiella pneumoniae	URINARY
SRR13873236	0.931	Klebsiella pneumoniae	wound
SRR13873237	1.038	Klebsiella pneumoniae	URINARY
SRR13873238	1.421	Klebsiella pneumoniae	URINARY
SRR13873239	2.238	Klebsiella pneumoniae	blood
SRR13873240	2.096	Klebsiella pneumoniae	blood
SRR13873241	2.37	Klebsiella pneumoniae	wound
SRR13873242	2.562	Klebsiella pneumoniae	GASTROINTESTINAL
SRR13873243	2.028	Klebsiella pneumoniae	GASTROINTESTINAL
SRR13873244	1.108	Klebsiella pneumoniae	URINARY
SRR13873245	2.139	Klebsiella pneumoniae	wound
SRR13873246	2.093	Klebsiella pneumoniae	URINARY
SRR13873247	2.411	Klebsiella oxytoca	wound
SRR13873248	2.485	Klebsiella pneumoniae	URINARY
SRR13873249	2.345	Klebsiella pneumoniae	respiratory
SRR13873250	2.277	Klebsiella pneumoniae	URINARY
SRR13873251	1.57	Klebsiella pneumoniae	URINARY
SRR13873252	2.314	Klebsiella pneumoniae	URINARY
SRR13873253	2.428	Klebsiella pneumoniae	URINARY
SRR13873254	2.57	Klebsiella pneumoniae	URINARY
SRR13873255	2.111	Klebsiella pneumoniae	blood
SRR13873256	1.129	Klebsiella pneumoniae	URINARY
SRR13873257	1.301	Klebsiella pneumoniae	respiratory
SRR13873258	1.489	Klebsiella pneumoniae	blood
SRR13873259	1.22	Klebsiella pneumoniae	URINARY
SRR13873260	0.966	Klebsiella pneumoniae	blood
SRR13873261	1.185	Klebsiella pneumoniae	URINARY
SRR13873262	1.009	Klebsiella aerogenes	wound
SRR13873263	1.072	Klebsiella pneumoniae	URINARY
SRR13873264	0.976	Klebsiella pneumoniae	URINARY
SRR13873265	2.075	Klebsiella pneumoniae	respiratory
SRR13873266	1.341	Klebsiella pneumoniae	wound
SRR13873267	1.515	Klebsiella pneumoniae	blood
SRR13873268	0.958	Klebsiella aerogenes	wound
SRR13873269	1.243	Klebsiella pneumoniae	respiratory
SRR13873270	1.225	Klebsiella quasipneumoniae subsp. similipneumoniae	URINARY
SRR13873271	0.971	Klebsiella quasipneumoniae	URINARY
SRR13873272	1.219	Klebsiella pneumoniae	URINARY
SRR13873273	1.046	Klebsiella pneumoniae	respiratory
SRR13873274	1.172	Klebsiella aerogenes	wound
SRR13873275	1.615	Klebsiella pneumoniae	respiratory
SRR13873276	2.289	Klebsiella pneumoniae	respiratory
SRR13873277	0.989	Klebsiella pneumoniae	blood
SRR13873278	1.099	Klebsiella pneumoniae	wound
SRR13873279	1.527	Klebsiella pneumoniae	wound
SRR13873280	1.707	Klebsiella aerogenes	GASTROINTESTINAL
SRR13873281	1.062	Klebsiella pneumoniae	blood
SRR13873282	1.38	Klebsiella pneumoniae	GASTROINTESTINAL
SRR13873283	1.305	Klebsiella pneumoniae	URINARY
SRR13873284	1.547	Klebsiella pneumoniae	URINARY
SRR13873285	0.984	Klebsiella pneumoniae	URINARY
SRR13873286	1.528	Klebsiella pneumoniae	wound
SRR13873287	2.436	Klebsiella pneumoniae	blood
SRR13873288	1.045	Klebsiella pneumoniae	RECTAL
SRR13873289	1.166	Klebsiella pneumoniae	URINARY
SRR13873290	1.056	Klebsiella pneumoniae	URINARY
SRR13873291	1.054	Klebsiella pneumoniae	URINARY
SRR13873292	1.443	Klebsiella pneumoniae	URINARY
SRR13873293	0.98	Klebsiella pneumoniae	respiratory
SRR13873294	1.247	Klebsiella pneumoniae	URINARY
SRR13873295	2.187	Klebsiella pneumoniae	RECTAL
SRR13873296	1.102	Klebsiella aerogenes	blood
SRR13873297	0.951	Klebsiella aerogenes	blood
SRR13873298	1.264	Klebsiella pneumoniae	URINARY
SRR13873299	1.145	Klebsiella pneumoniae	blood
SRR13873300	1.12	Klebsiella aerogenes	blood
SRR13873301	1.139	Klebsiella pneumoniae	URINARY
SRR13873302	1.207	Klebsiella pneumoniae	GASTROINTESTINAL
SRR13873303	1.116	Klebsiella pneumoniae	GASTROINTESTINAL
SRR13873304	1.431	Klebsiella pneumoniae	URINARY
SRR13873305	1.321	Klebsiella pneumoniae	wound
SRR13873306	2.145	Klebsiella pneumoniae	GASTROINTESTINAL
SRR13873307	2.635	Klebsiella pneumoniae	URINARY
SRR13873308	1.26	Klebsiella pneumoniae	GASTROINTESTINAL
SRR13873309	1.064	Klebsiella pneumoniae	GASTROINTESTINAL
SRR13873310	1.452	Klebsiella pneumoniae	wound
SRR13873311	1.138	Klebsiella quasipneumoniae	GASTROINTESTINAL
SRR13873312	1.101	Klebsiella pneumoniae	wound
SRR13873313	1.014	Klebsiella pneumoniae	URINARY
SRR13873315	1.131	Klebsiella pneumoniae	URINARY
SRR13873316	1.019	Klebsiella pneumoniae	URINARY
SRR13873317	0.923	Klebsiella pneumoniae	blood
SRR13873318	2.14	Klebsiella pneumoniae	wound
SRR13873319	1.293	Klebsiella pneumoniae	URINARY
SRR13873320	1.163	Klebsiella aerogenes	wound
SRR13873322	1.185	Klebsiella pneumoniae	URINARY
SRR13873323	1.368	Klebsiella pneumoniae	URINARY
SRR13873324	1.652	Klebsiella pneumoniae	respiratory
SRR13873325	1.533	Klebsiella aerogenes	wound
SRR13873326	1.025	Klebsiella aerogenes	respiratory
SRR13873327	1.312	Klebsiella pneumoniae	blood
SRR13873328	1.308	Klebsiella pneumoniae	URINARY
SRR13873329	1.343	Klebsiella pneumoniae	GASTROINTESTINAL
SRR13873330	2.352	Klebsiella pneumoniae	blood
SRR13873331	1.562	Klebsiella pneumoniae	URINARY
SRR13873332	1.17	Klebsiella quasipneumoniae	respiratory
SRR13873333	1.078	Klebsiella aerogenes	URINARY
SRR13873334	1.299	Klebsiella pneumoniae	URINARY
SRR13873335	1.231	Klebsiella pneumoniae	URINARY
SRR13873337	1.266	Klebsiella quasipneumoniae	URINARY
SRR13873338	1.367	Klebsiella aerogenes	URINARY
SRR13873339	1.043	Klebsiella pneumoniae	URINARY
SRR13873340	1.28	Klebsiella pneumoniae	URINARY
SRR13873341	2.297	Klebsiella aerogenes	GASTROINTESTINAL
SRR13873342	1.28	Klebsiella pneumoniae	URINARY
SRR13873343	1.0	Klebsiella pneumoniae	URINARY
SRR13873344	1.493	Klebsiella pneumoniae	URINARY
SRR13873345	1.167	Klebsiella pneumoniae	URINARY
SRR13873346	1.333	Klebsiella pneumoniae	URINARY
SRR13873347	1.468	Klebsiella pneumoniae	URINARY
SRR13873349	1.191	Klebsiella pneumoniae	URINARY
SRR13873350	2.361	Klebsiella quasipneumoniae subsp. similipneumoniae	blood
SRR13873351	2.645	Klebsiella pneumoniae	blood
SRR13873352	2.125	Klebsiella pneumoniae	wound
SRR13873353	1.437	Klebsiella pneumoniae	URINARY
SRR13873354	2.362	Klebsiella pneumoniae	URINARY
SRR13873355	2.372	Klebsiella pneumoniae	blood
SRR13873356	2.277	Klebsiella pneumoniae	GENITAL
SRR13873357	1.506	Klebsiella pneumoniae	URINARY
SRR13873358	1.604	Klebsiella pneumoniae	URINARY
SRR13873359	2.407	Klebsiella pneumoniae	URINARY
SRR13873360	1.859	Klebsiella pneumoniae	blood
SRR13873361	2.504	Klebsiella aerogenes	GASTROINTESTINAL
SRR13873362	2.338	Klebsiella pneumoniae	URINARY
SRR13873363	2.133	Klebsiella pneumoniae	wound
SRR13873364	2.161	Klebsiella pneumoniae	GASTROINTESTINAL
SRR13873365	2.234	Klebsiella quasipneumoniae subsp. quasipneumoniae	wound
SRR13873366	1.965	Klebsiella pneumoniae	URINARY
SRR13873367	1.932	Klebsiella pneumoniae	blood
SRR13873368	1.96	Klebsiella pneumoniae	blood
SRR13873369	2.311	Klebsiella pneumoniae	wound
SRR13873371	2.206	Klebsiella aerogenes	GENITAL
SRR13873372	1.585	Klebsiella pneumoniae	URINARY
SRR13873373	2.159	Klebsiella pneumoniae	URINARY
SRR13873374	2.245	Klebsiella pneumoniae	RECTAL
SRR13873375	2.288	Klebsiella pneumoniae	blood
SRR13873376	1.517	Klebsiella pneumoniae	URINARY
SRR13873377	2.38	Klebsiella quasipneumoniae subsp. similipneumoniae	blood
SRR13873378	2.353	Klebsiella pneumoniae	blood
SRR13873380	2.206	Klebsiella pneumoniae	blood
SRR13873381	2.133	Klebsiella pneumoniae	GASTROINTESTINAL
SRR13873382	1.449	Klebsiella pneumoniae	URINARY
SRR13873383	2.139	Klebsiella pneumoniae	respiratory
SRR13873384	1.04	Klebsiella pneumoniae	blood
SRR13873385	1.126	Klebsiella pneumoniae	RECTAL
SRR13873386	0.944	Klebsiella quasipneumoniae	RECTAL
SRR13873387	1.064	Klebsiella quasipneumoniae	RECTAL
SRR13873388	1.322	Klebsiella pneumoniae	RECTAL
SRR13873389	1.194	Klebsiella quasipneumoniae	RECTAL
SRR13873390	2.196	Klebsiella pneumoniae	URINARY
SRR13873391	1.234	Klebsiella quasipneumoniae subsp. quasipneumoniae	RECTAL
SRR13873392	0.99	Klebsiella pneumoniae	URINARY
SRR13873393	1.171	Klebsiella quasipneumoniae	blood
SRR13873394	0.942	Klebsiella quasipneumoniae	RECTAL
SRR13873395	1.12	Klebsiella quasipneumoniae	RECTAL
SRR13873396	1.282	Klebsiella quasipneumoniae	RECTAL
SRR13873398	0.994	Klebsiella aerogenes	GASTROINTESTINAL
SRR13873399	1.058	Klebsiella pneumoniae	URINARY
SRR13873400	1.255	Klebsiella pneumoniae	URINARY
SRR13873401	2.633	Klebsiella pneumoniae	blood
SRR13873402	1.102	Klebsiella pneumoniae	blood
SRR13873403	1.169	Klebsiella quasipneumoniae subsp. quasipneumoniae	RECTAL
SRR13873404	1.179	Klebsiella pneumoniae	URINARY
SRR13873405	0.966	Klebsiella pneumoniae	URINARY
SRR13873406	0.983	Klebsiella pneumoniae	URINARY
SRR13873407	1.051	Klebsiella pneumoniae	wound
SRR13873408	1.279	Klebsiella quasipneumoniae	RECTAL
SRR13873409	1.011	Klebsiella pneumoniae	URINARY
SRR13873410	1.514	Klebsiella pneumoniae	RECTAL
SRR13873411	1.055	Klebsiella pneumoniae	RECTAL
SRR13873412	2.618	Klebsiella pneumoniae	URINARY
SRR13873413	1.159	Klebsiella pneumoniae	RECTAL
SRR13873414	0.996	Klebsiella variicola subsp. variicola	RECTAL
SRR13873415	1.087	Klebsiella pneumoniae	RECTAL
SRR13873416	2.225	Klebsiella pneumoniae	wound
SRR13873417	1.283	Klebsiella pneumoniae	URINARY
SRR13873418	2.195	Klebsiella pneumoniae	respiratory
SRR13873419	2.945	Klebsiella pneumoniae	blood
SRR14075732	1.327	Klebsiella pneumoniae	rectal
SRR15021487	1.697	Klebsiella pneumoniae	respiratory
SRR15144441	2.193	Enterobacter cloacae	wound
SRR15144442	1.204	Enterobacter cloacae complex sp. 201511610M	wound
SRR15144443	2.72	Enterobacter cloacae	respiratory
SRR15144444	2.354	Enterobacter cloacae	blood
SRR15144445	1.119	Enterobacter cloacae complex sp. 201538021B	blood
SRR15144446	1.218	Enterobacter cloacae complex sp. 20159923M	wound
SRR15144447	1.178	Enterobacter cloacae complex sp. 201519571U	URINARY
SRR15144448	2.369	Escherichia coli	GASTROINTESTINAL
SRR15144449	2.18	Escherichia coli	wound
SRR15144450	1.297	Escherichia coli	respiratory
SRR15144451	1.283	Escherichia coli	respiratory
SRR15144452	1.19	Enterobacter cloacae complex sp. 20158424R	respiratory
SRR15144453	1.202	Enterobacter cloacae complex sp. 20158345R	respiratory
SRR15144454	1.244	Escherichia coli	wound
SRR15144455	1.312	Escherichia coli	GASTROINTESTINAL
SRR15144456	1.01	Enterobacter cloacae complex sp. 201512373M	GASTROINTESTINAL
SRR15144457	2.679	Escherichia coli	GASTROINTESTINAL
SRR15144458	2.355	Enterobacter cloacae	wound
SRR15212545	1.932	Klebsiella variicola subsp. variicola	blood
SRR15683971	1.57	Klebsiella pneumoniae	blood
SRR15683972	2.155	Klebsiella pneumoniae	wound
SRR15683973	1.736	Klebsiella pneumoniae	respiratory
SRR15683974	1.655	Klebsiella pneumoniae	gastrointestinal
SRR15683975	1.7	Klebsiella pneumoniae	respiratory
SRR15683976	1.534	Klebsiella pneumoniae	wound
SRR15683977	1.806	Klebsiella pneumoniae	respiratory
SRR15683978	1.657	Klebsiella pneumoniae	URINARY
SRR16213573	2.214	Klebsiella pneumoniae	respiratory
SRR16213574	2.217	Klebsiella pneumoniae	respiratory
SRR16213575	2.036	Klebsiella pneumoniae	respiratory
SRR16213576	2.537	Klebsiella pneumoniae	respiratory
SRR17519753	2.386	Enterobacter cloacae	wound
SRR17519754	1.148	Enterobacter cloacae complex sp. 201341508U	URINARY
SRR17519755	0.387	Enterobacter cloacae complex sp. 201352719B	blood
SRR17519756	1.676	Enterobacter cloacae complex sp. 201313410M	wound
SRR17519757	1.124	Enterobacter cloacae	urine
SRR17519758	0.4	Enterobacter cloacae complex sp. 20119800M	wound
SRR18440448	2.292	Klebsiella pneumoniae	respiratory
SRR18440449	2.018	Klebsiella pneumoniae	URINARY
SRR18440450	2.165	Klebsiella pneumoniae	blood
SRR18440451	2.331	Klebsiella pneumoniae	GASTROINTESTINAL/ABDOMINAL
SRR18440452	2.159	Klebsiella pneumoniae	RECTAL
SRR18440453	2.293	Klebsiella pneumoniae	respiratory
SRR18440454	2.219	Klebsiella quasipneumoniae	RECTAL
SRR18440455	2.216	Klebsiella pneumoniae	URINARY
SRR18440456	0.947	Klebsiella pneumoniae	respiratory
SRR18440457	0.956	Klebsiella pneumoniae	wound
SRR18440458	1.529	Klebsiella quasipneumoniae subsp. similipneumoniae	URINARY
SRR18440459	0.969	Klebsiella pneumoniae	respiratory
SRR18440460	0.949	Klebsiella pneumoniae	wound
SRR18440461	1.274	Klebsiella pneumoniae	respiratory
SRR18440462	1.098	Klebsiella pneumoniae	URINARY
SRR18440463	1.202	Klebsiella pneumoniae	respiratory
SRR18440464	1.057	Klebsiella pneumoniae	respiratory
SRR18440465	1.189	Klebsiella pneumoniae	bone
SRR18440466	1.248	Klebsiella pneumoniae	respiratory
SRR18440467	1.888	Klebsiella pneumoniae	RECTAL
SRR18440468	1.52	Klebsiella pneumoniae	blood
SRR18440469	2.078	Klebsiella pneumoniae	RECTAL
SRR18440470	1.427	Klebsiella pneumoniae	OTHERS
SRR18440471	1.629	Klebsiella quasipneumoniae subsp. similipneumoniae	blood
SRR18440472	1.234	Klebsiella pneumoniae	bone
SRR18440473	1.08	Klebsiella pneumoniae	bone
SRR18440474	1.787	Klebsiella pneumoniae	respiratory
SRR18440475	1.014	Klebsiella pneumoniae	blood
SRR18440476	1.78	Klebsiella pneumoniae	RECTAL
SRR18440477	1.747	Klebsiella pneumoniae	respiratory
SRR18440478	1.875	Klebsiella pneumoniae	wound
SRR18440479	2.309	Klebsiella pneumoniae	URINARY
SRR18440480	1.753	Klebsiella pneumoniae	bone
SRR18440481	1.751	Klebsiella pneumoniae	respiratory
SRR18440482	1.517	Klebsiella pneumoniae	respiratory
SRR18440483	1.594	Klebsiella pneumoniae	RECTAL
SRR18440484	1.544	Klebsiella pneumoniae	RECTAL
SRR18440485	1.834	Klebsiella pneumoniae	GASTROINTESTINAL/ABDOMINAL
SRR18440486	1.946	Klebsiella pneumoniae	RECTAL
SRR18440487	1.709	Klebsiella pneumoniae	blood
SRR18440488	1.832	Klebsiella pneumoniae	RECTAL
SRR18440489	1.82	Klebsiella pneumoniae	RECTAL
SRR18440490	1.505	Klebsiella pneumoniae	RECTAL
SRR18440491	1.379	Klebsiella pneumoniae	URINARY
SRR18440492	1.535	Klebsiella pneumoniae	blood
SRR18440493	2.368	Klebsiella pneumoniae	RECTAL
SRR18440494	2.053	Klebsiella pneumoniae	RECTAL
SRR18440495	1.742	Klebsiella pneumoniae	respiratory
SRR18440496	1.675	Klebsiella pneumoniae	URINARY
SRR18440497	1.047	Klebsiella pneumoniae	blood
SRR18440498	1.119	Klebsiella pneumoniae	blood
SRR18440499	1.002	Klebsiella pneumoniae	blood
SRR18440500	0.999	Klebsiella pneumoniae	blood
SRR18440501	1.352	Klebsiella pneumoniae	OTHERS
SRR18440502	1.031	Klebsiella pneumoniae	blood
SRR18440503	1.04	Klebsiella pneumoniae	blood
SRR18440504	0.923	Klebsiella pneumoniae	respiratory
SRR18440505	1.099	Klebsiella pneumoniae	URINARY
SRR18440506	1.099	Klebsiella pneumoniae	blood
SRR18440507	1.122	Klebsiella pneumoniae	GASTROINTESTINAL/ABDOMINAL
SRR18440508	0.358	Klebsiella pneumoniae	OTHERS
SRR18440509	0.409	Klebsiella pneumoniae	blood
SRR18440510	1.569	Klebsiella pneumoniae	blood
SRR18440511	1.581	Klebsiella pneumoniae	GASTROINTESTINAL/ABDOMINAL
SRR18440512	1.682	Klebsiella pneumoniae	respiratory
SRR18440513	1.598	Klebsiella pneumoniae	GASTROINTESTINAL/ABDOMINAL
SRR18440514	1.652	Klebsiella pneumoniae	URINARY
SRR18440515	1.743	Klebsiella pneumoniae	blood
SRR18440516	1.326	Klebsiella pneumoniae	blood
SRR18440517	1.49	Klebsiella pneumoniae	OTHERS
SRR18440518	1.842	Klebsiella pneumoniae	blood
SRR18440519	1.936	Klebsiella pneumoniae	respiratory
SRR18440520	1.044	Klebsiella variicola subsp. variicola	RECTAL
SRR18440521	1.191	Klebsiella quasipneumoniae subsp. similipneumoniae	OTHERS
SRR18440522	1.209	Klebsiella pneumoniae	URINARY
SRR18440523	1.444	Klebsiella pneumoniae	GASTROINTESTINAL/ABDOMINAL
SRR18440524	1.002	Klebsiella variicola subsp. variicola	RECTAL
SRR18440525	1.33	Klebsiella pneumoniae	GASTROINTESTINAL/ABDOMINAL
SRR18440526	0.992	Klebsiella pneumoniae	blood
SRR18440527	1.238	Klebsiella pneumoniae	blood
SRR18440528	1.227	Klebsiella pneumoniae	blood
SRR18440529	1.729	Klebsiella pneumoniae	URINARY
SRR18440530	1.584	Klebsiella pneumoniae	URINARY
SRR18440531	2.064	Klebsiella pneumoniae	GASTROINTESTINAL/ABDOMINAL
SRR18440532	1.971	Klebsiella variicola subsp. variicola	RECTAL
SRR18440533	1.816	Klebsiella pneumoniae	RECTAL
SRR18440534	2.07	Klebsiella pneumoniae	RECTAL
SRR18440535	1.369	Klebsiella pneumoniae	blood
SRR18440536	2.237	Klebsiella quasipneumoniae subsp. similipneumoniae	RECTAL
SRR18440537	1.985	Klebsiella pneumoniae	GASTROINTESTINAL/ABDOMINAL
SRR18440538	2.289	Klebsiella quasipneumoniae subsp. similipneumoniae	RECTAL
SRR18440539	1.978	Klebsiella quasipneumoniae subsp. similipneumoniae	RECTAL
SRR18440540	1.757	Klebsiella pneumoniae	wound
SRR18440541	1.669	Klebsiella pneumoniae	respiratory
SRR18440542	1.903	Klebsiella pneumoniae	respiratory
SRR18440543	1.041	Klebsiella pneumoniae	URINARY
SRR18440544	2.48	Klebsiella pneumoniae	bone
SRR18440545	2.341	Klebsiella quasipneumoniae subsp. similipneumoniae	URINARY
SRR18440546	2.364	Klebsiella pneumoniae	wound
SRR18440547	2.664	Klebsiella pneumoniae	wound
SRR18440548	2.204	Klebsiella pneumoniae	bone
SRR18440549	2.348	Klebsiella pneumoniae	blood
SRR18440550	1.972	Klebsiella pneumoniae	RECTAL
SRR18440551	1.37	Klebsiella pneumoniae	URINARY
SRR18440552	2.222	Klebsiella pneumoniae	respiratory
SRR18440553	2.188	Klebsiella pneumoniae	blood
SRR18440554	2.075	Klebsiella pneumoniae	blood
SRR18440555	2.38	Klebsiella pneumoniae	blood
SRR18440556	2.466	Klebsiella pneumoniae	wound
SRR18440557	2.139	Klebsiella quasipneumoniae subsp. quasipneumoniae	blood
SRR18440558	2.352	Klebsiella pneumoniae	blood
SRR18440559	2.417	Klebsiella pneumoniae	blood
SRR18440560	2.081	Klebsiella pneumoniae	blood
SRR18440561	2.302	Klebsiella pneumoniae	GASTROINTESTINAL/ABDOMINAL
SRR18440562	1.49	Klebsiella pneumoniae	wound
SRR18440563	1.721	Klebsiella pneumoniae	respiratory
SRR18440564	1.669	Klebsiella pneumoniae	OTHERS
SRR18474748	2.409	Klebsiella pneumoniae	GASTROINTESTINAL
SRR24679938	1.078	Escherichia coli	URINARY
SRR24679939	2.095	Escherichia coli	GASTROINTESTINAL/ABDOMINAL
SRR24679940	2.618	Escherichia coli	blood
SRR24679941	1.95	Enterobacter kobei	RECTAL
SRR24679942	1.183	Enterobacter hormaechei	SKIN/SOFT TISSUE
SRR24679943	1.297	Enterobacter cloacae	respiratory
SRR24679944	2.557	Enterobacter hormaechei	OTHERS
SRR24679945	1.178	Enterobacter kobei	GASTROINTESTINAL/ABDOMINAL
SRR24679946	2.413	Escherichia coli	blood
SRR24679947	2.458	Enterobacter cloacae	respiratory
SRR24679948	2.345	Enterobacter bugandensis	URINARY
SRR24679949	2.15	Enterobacter bugandensis	RECTAL
SRR24679950	2.224	Escherichia coli	blood
SRR24679951	2.131	Enterobacter bugandensis	RECTAL
SRR24679952	2.021	Escherichia coli	RECTAL
SRR24679953	2.347	Enterobacter kobei	URINARY
SRR24679954	2.264	Enterobacter hormaechei	GASTROINTESTINAL/ABDOMINAL
SRR24679955	0.413	Enterobacter hormaechei	OTHERS
SRR24679956	2.103	Enterobacter bugandensis	respiratory
SRR24679957	1.087	Enterobacter kobei	URINARY
SRR24679958	1.496	Escherichia coli	URINARY
SRR24679959	2.609	Enterobacter hormaechei	URINARY
SRR24679960	2.132	Enterobacter hormaechei	blood
SRR24679961	1.127	Enterobacter hormaechei	OTHERS
SRR24679962	2.249	Escherichia coli	URINARY
SRR24679963	1.215	Escherichia coli	URINARY
SRR24679964	1.667	Escherichia coli	RECTAL
SRR24679965	2.208	Escherichia coli	GASTROINTESTINAL/ABDOMINAL
SRR24679966	2.346	Enterobacter hormaechei	URINARY
SRR24679967	1.748	Escherichia coli	RECTAL
SRR24679968	1.495	Escherichia coli	RECTAL
SRR24679969	2.279	Escherichia coli	blood
SRR24679970	1.691	Escherichia coli	RECTAL
SRR24679971	1.117	Enterobacter kobei	OTHERS
SRR24679972	1.796	Enterobacter kobei	blood
SRR24679973	1.108	Enterobacter roggenkampii	GASTROINTESTINAL/ABDOMINAL
SRR24679974	2.016	Enterobacter hormaechei	blood
SRR24679975	1.286	Escherichia coli	URINARY
SRR24679976	1.676	Escherichia coli	RECTAL
SRR24679977	1.04	Enterobacter kobei	GASTROINTESTINAL/ABDOMINAL
SRR24679978	1.113	Escherichia coli	URINARY
SRR24679979	1.067	Escherichia coli	GASTROINTESTINAL/ABDOMINAL
SRR24679980	0.426	Enterobacter hormaechei	blood
SRR24679981	1.956	Enterobacter asburiae	blood
SRR24679982	1.782	Escherichia coli	RECTAL
SRR24679983	1.158	Escherichia coli	GASTROINTESTINAL/ABDOMINAL
SRR24679984	1.494	Escherichia coli	URINARY
SRR24679985	0.372	Escherichia coli	URINARY
SRR24679986	2.168	Escherichia coli	GASTROINTESTINAL/ABDOMINAL
SRR24679987	2.242	Citrobacter freundii	GASTROINTESTINAL/ABDOMINAL
SRR24679988	1.458	Enterobacter asburiae	URINARY
SRR24679989	0.424	Enterobacter kobei	RECTAL
SRR24679990	2.398	Escherichia coli	GASTROINTESTINAL/ABDOMINAL
SRR24679991	1.925	Enterobacter hormaechei	blood
SRR24679992	0.345	Escherichia coli	blood
SRR24679993	0.927	Escherichia coli	URINARY
SRR24679994	2.606	Escherichia coli	blood
SRR24679995	0.497	Escherichia coli	URINARY
SRR24679996	1.164	Escherichia coli	URINARY
SRR24679997	1.683	Escherichia coli	blood
SRR24679998	1.178	Escherichia coli	OTHERS
SRR24679999	1.848	Citrobacter freundii	GASTROINTESTINAL/ABDOMINAL
SRR24680000	2.448	Enterobacter cloacae	URINARY
SRR24680001	1.501	Enterobacter hormaechei	URINARY
SRR24680002	1.188	Enterobacter kobei	blood
SRR24680003	0.394	Escherichia coli	URINARY
SRR24680004	1.089	Enterobacter hormaechei	wound
SRR24680005	0.521	Escherichia coli	URINARY
SRR24680006	2.11	Citrobacter freundii	SKIN/SOFT TISSUE
SRR24680007	1.15	Escherichia coli	URINARY
SRR24680008	2.548	Escherichia coli	GASTROINTESTINAL/ABDOMINAL
SRR24680009	0.38	Enterobacter hormaechei	blood
SRR24680010	0.435	Enterobacter roggenkampii	respiratory
SRR24680011	0.463	Citrobacter freundii	bone
SRR24680012	2.671	Escherichia coli	blood
SRR24680013	0.345	Enterobacter hormaechei	SKIN/SOFT TISSUE
SRR24680014	1.897	Enterobacter hormaechei	OTHERS
SRR24680015	0.431	Escherichia coli	blood
SRR24680016	1.595	Enterobacter hormaechei	URINARY
SRR24680017	0.394	Enterobacter hormaechei	wound
SRR24680018	1.749	Enterobacter hormaechei	SKIN/SOFT TISSUE
SRR24680019	1.695	Enterobacter kobei	SKIN/SOFT TISSUE
SRR24680020	1.124	Enterobacter roggenkampii	URINARY
SRR24680021	1.209	Enterobacter hormaechei	URINARY
SRR24680022	1.105	Enterobacter hormaechei	URINARY
SRR24680023	2.453	Enterobacter cloacae	GASTROINTESTINAL/ABDOMINAL
SRR24680024	1.184	Enterobacter hormaechei	OTHERS
SRR24680025	2.143	Klebsiella aerogenes	URINARY
SRR24680026	1.203	Escherichia coli	SKIN/SOFT TISSUE
SRR24680027	1.095	Escherichia coli	GASTROINTESTINAL/ABDOMINAL
SRR24680028	1.026	Escherichia coli	URINARY
SRR24680029	0.413	Escherichia coli	GASTROINTESTINAL/ABDOMINAL
SRR24680030	1.143	Escherichia coli	blood
SRR24680031	1.604	Enterobacter hormaechei	URINARY
SRR24680032	1.595	Escherichia coli	OTHERS
SRR24680033	1.263	Escherichia coli	GASTROINTESTINAL/ABDOMINAL
SRR24680034	2.251	Enterobacter hormaechei	OTHERS
SRR24680035	2.276	Enterobacter kobei	respiratory
SRR24680036	1.928	Enterobacter hormaechei	OTHERS
SRR24680037	1.198	Escherichia coli	blood
SRR24680038	2.668	Citrobacter freundii	GASTROINTESTINAL/ABDOMINAL
SRR24680039	2.168	Enterobacter hormaechei	GASTROINTESTINAL/ABDOMINAL
SRR24680040	1.047	Escherichia coli	blood
SRR24680041	1.156	Escherichia coli	URINARY
SRR24680042	1.344	Enterobacter hormaechei	RECTAL
SRR24680043	0.893	Citrobacter freundii	RECTAL
SRR24680044	1.128	Enterobacter hormaechei	RECTAL
SRR24680045	1.153	Escherichia coli	blood
SRR24680046	1.055	Enterobacter kobei	GASTROINTESTINAL/ABDOMINAL
SRR24680047	1.161	Escherichia coli	GASTROINTESTINAL/ABDOMINAL
SRR24680048	1.207	Enterobacter roggenkampii	OTHERS
SRR24680049	0.434	Escherichia coli	SKIN/SOFT TISSUE
SRR24680050	1.028	Escherichia coli	URINARY
SRR24680051	0.954	Enterobacter hormaechei	OTHERS
SRR24680052	1.092	Citrobacter freundii	GASTROINTESTINAL/ABDOMINAL
SRR24680053	1.262	Escherichia coli	bone
SRR24680054	0.966	Escherichia coli	OTHERS
SRR24680055	0.953	Escherichia coli	blood
SRR24680056	1.566	Enterobacter cloacae	GASTROINTESTINAL/ABDOMINAL
SRR24680057	1.07	Escherichia coli	URINARY
SRR24680058	1.028	Escherichia coli	OTHERS
SRR24680059	1.057	Enterobacter asburiae	GASTROINTESTINAL/ABDOMINAL
SRR24680060	1.959	Escherichia coli	URINARY
SRR24680061	1.103	Escherichia coli	URINARY
SRR24680062	1.138	Escherichia coli	URINARY
SRR24680063	1.078	Escherichia coli	blood
SRR24680064	1.085	Escherichia coli	URINARY
SRR24680065	1.926	Enterobacter hormaechei	RECTAL
SRR24680066	1.003	Escherichia coli	blood
SRR24680067	0.954	Enterobacter hormaechei	OTHERS
SRR24680068	1.423	Enterobacter kobei	URINARY
SRR24680069	1.1	Enterobacter hormaechei	wound
SRR24680070	1.183	Escherichia coli	URINARY
SRR24680071	0.429	Escherichia coli	SKIN/SOFT TISSUE
SRR24680072	1.076	Enterobacter kobei	GASTROINTESTINAL/ABDOMINAL
SRR24680073	1.057	Escherichia coli	RECTAL
SRR24680074	1.067	Enterobacter hormaechei	GASTROINTESTINAL/ABDOMINAL
SRR24680075	1.611	Enterobacter roggenkampii	RECTAL
SRR24680076	2.303	Escherichia coli	blood
SRR24680077	1.029	Enterobacter hormaechei	blood
SRR24680078	1.975	Enterobacter cloacae	blood
SRR24680079	1.99	Escherichia coli	OTHERS
SRR24680080	1.496	Enterobacter cloacae	URINARY
SRR24680081	2.131	Escherichia coli	blood
SRR24680082	1.643	Escherichia coli	SKIN/SOFT TISSUE
SRR24680083	1.621	Klebsiella aerogenes	blood
SRR24680084	0.461	Enterobacter hormaechei	respiratory
SRR24759619	1.677	Citrobacter freundii	RECTAL
SRR24759620	0.838	Escherichia coli	OTHERS
SRR24759621	1.542	Enterobacter kobei	RECTAL
SRR24759622	1.353	Enterobacter kobei	RECTAL
SRR24759623	0.985	Enterobacter hormaechei	OTHERS
SRR24759624	0.974	Enterobacter cloacae	URINARY
SRR24759625	1.008	Escherichia coli	blood
SRR24759626	1.085	Enterobacter cloacae	respiratory
SRR24759627	1.159	Escherichia coli	blood
SRR24759628	1.142	Escherichia coli	GASTROINTESTINAL/ABDOMINAL
SRR24759629	1.011	Escherichia coli	OTHERS
SRR24759630	1.014	Escherichia coli	wound
SRR24759631	1.336	Escherichia coli	URINARY
SRR24759632	1.151	Escherichia coli	URINARY
SRR24759633	1.108	Escherichia coli	blood
SRR24759634	1.084	Escherichia coli	respiratory
SRR24759635	1.125	Escherichia coli	blood
SRR24759636	1.1	Enterobacter hormaechei	URINARY
SRR24759637	1.012	Enterobacter roggenkampii	respiratory
SRR24759638	1.076	Escherichia coli	GASTROINTESTINAL/ABDOMINAL
SRR24759639	0.962	Enterobacter cloacae	GASTROINTESTINAL/ABDOMINAL
SRR24759640	1.092	Escherichia coli	URINARY
SRR24759641	1.821	Escherichia coli	URINARY
SRR24759642	2.171	Enterobacter kobei	blood
SRR24759643	0.99	Escherichia coli	GASTROINTESTINAL/ABDOMINAL
SRR25242011	0.185	Klebsiella pneumoniae	RECTAL
SRR25242012	0.404	Klebsiella pneumoniae	RECTAL
SRR25242013	0.182	Klebsiella pneumoniae	RECTAL
SRR25242014	0.272	Klebsiella pneumoniae	RECTAL
SRR25242015	0.206	Klebsiella pneumoniae	RECTAL
SRR25242016	0.302	Klebsiella pneumoniae	RECTAL
SRR25242017	1.329	Klebsiella pneumoniae	URINARY
SRR25242018	1.385	Klebsiella pneumoniae	URINARY
SRR25252969	0.994	Enterobacter cloacae complex sp. 201717502M	GASTROINTESTINAL/ABDOMINAL
SRR25337773	1.249	Escherichia coli	SKIN/SOFT TISSUE
SRR25337774	2.02	Enterobacter cloacae	URINARY
SRR25337775	0.321	Escherichia coli	RECTAL
SRR25337776	0.401	Klebsiella pneumoniae	RECTAL
SRR25337777	0.27	Escherichia coli	RECTAL
SRR25337778	0.429	Enterobacter cloacae	RECTAL
SRR25337779	0.427	Escherichia coli	RECTAL
SRR25337780	0.393	Enterobacter cloacae	RECTAL
SRR25337781	0.275	Escherichia coli	RECTAL
SRR25337782	0.241	Escherichia coli	RECTAL
SRR25337783	0.234	Escherichia coli	RECTAL
SRR25337784	0.217	Escherichia coli	RECTAL
SRR25337785	0.285	Escherichia coli	RECTAL
SRR25337786	1.852	Enterobacter cloacae	blood
SRR25337787	0.444	Enterobacter cloacae	RECTAL
SRR25337788	0.482	Escherichia coli	RECTAL
SRR25337789	0.371	Escherichia coli	RECTAL
SRR25337790	0.465	Escherichia coli	wound
SRR25337791	0.281	Escherichia coli	RECTAL
SRR25337792	0.272	Escherichia coli	RECTAL
SRR25337793	0.312	Escherichia coli	RECTAL
SRR25337794	2.281	Enterobacter cloacae	GASTROINTESTINAL/ABDOMINAL
SRR25337795	0.461	Escherichia coli	RECTAL
SRR25337796	0.409	Escherichia coli	GASTROINTESTINAL/ABDOMINAL
SRR25337797	0.376	Escherichia coli	RECTAL
SRR25337798	0.414	Escherichia coli	URINARY
SRR25337799	0.252	Enterobacter cloacae	RECTAL
SRR25337800	0.394	Klebsiella pneumoniae	RECTAL
SRR25337802	0.404	Escherichia coli	RECTAL
SRR25337803	0.243	Escherichia coli	RECTAL
SRR25337804	0.364	Enterobacter cloacae	RECTAL
SRR25337805	0.226	Escherichia coli	RECTAL
SRR25337806	0.222	Klebsiella pneumoniae	RECTAL
SRR25337807	0.371	Escherichia coli	RECTAL
SRR25337808	0.218	Enterobacter cloacae	RECTAL
SRR25337809	2.101	Klebsiella pneumoniae	RECTAL
SRR25337810	1.218	Klebsiella pneumoniae	other
SRR25337811	1.432	Klebsiella pneumoniae	blood
SRR25337812	1.065	Escherichia coli	blood
SRR25337813	1.277	Klebsiella pneumoniae	blood
SRR25337814	0.245	Klebsiella pneumoniae	RECTAL
SRR25337815	1.333	Klebsiella pneumoniae	bone
SRR25337816	1.257	Escherichia coli	bone
SRR25337817	1.765	Escherichia coli	URINARY
SRR25337818	1.656	Klebsiella pneumoniae	GASTROINTESTINAL/ABDOMINAL
SRR25337819	1.576	Klebsiella pneumoniae	wound
SRR25337820	1.736	Escherichia coli	URINARY
SRR25337821	1.281	Escherichia coli	other
SRR25337822	1.621	Klebsiella pneumoniae	SKIN/SOFT TISSUE
SRR25337823	1.453	Klebsiella pneumoniae	URINARY
SRR25337824	1.787	Klebsiella pneumoniae	blood
SRR25337825	0.371	Escherichia coli	RECTAL
SRR25337826	1.519	Escherichia coli	SKIN/SOFT TISSUE
SRR25337827	1.507	Escherichia coli	blood
SRR25337828	1.598	Escherichia coli	other
SRR25337829	2.303	Klebsiella pneumoniae	other
SRR25337830	1.74	Klebsiella pneumoniae	bone
SRR25337831	1.142	Klebsiella pneumoniae	URINARY
SRR25337832	1.211	Klebsiella pneumoniae	SKIN/SOFT TISSUE
SRR25337833	1.003	Escherichia coli	blood
SRR25337834	0.954	Escherichia coli	blood
SRR25337835	1.048	Escherichia coli	blood
SRR25337836	0.437	Escherichia coli	RECTAL
SRR25337837	0.459	Enterobacter cloacae	RECTAL
SRR25337838	1.031	Escherichia coli	bone
SRR25337839	1.108	Escherichia coli	blood
SRR25337840	1.024	Escherichia coli	blood
SRR25337841	0.952	Escherichia coli	GASTROINTESTINAL/ABDOMINAL
SRR25337842	0.945	Escherichia coli	other
SRR25337843	0.98	Escherichia coli	blood
SRR25337844	1.01	Escherichia coli	other
SRR25337845	1.061	Escherichia coli	blood
SRR25337846	0.873	Escherichia coli	GASTROINTESTINAL/ABDOMINAL
SRR25337847	1.892	Escherichia coli	blood
SRR25337848	0.249	Klebsiella pneumoniae	RECTAL
SRR25337849	1.025	Enterobacter cloacae complex sp. 201811531M	bone
SRR25337850	1.18	Enterobacter cloacae complex sp. 201810547M	other
SRR25337851	1.0	Klebsiella pneumoniae	respiratory
SRR25337852	0.932	Escherichia coli	GASTROINTESTINAL/ABDOMINAL
SRR25337853	1.166	Escherichia coli	blood
SRR25337854	2.529	Enterobacter cloacae complex sp. 20178758R	respiratory
SRR25337855	0.938	Escherichia coli	bone
SRR25337856	0.977	Escherichia coli	URINARY
SRR25337857	0.991	Enterobacter cloacae complex sp. 201713271M	other
SRR25337858	1.113	Enterobacter cloacae complex sp. 201712519M	GASTROINTESTINAL/ABDOMINAL
SRR25337859	0.366	Escherichia coli	RECTAL
SRR25337860	1.077	Escherichia coli	other
SRR25337861	1.212	Escherichia coli	GASTROINTESTINAL/ABDOMINAL
SRR25337862	0.891	Enterobacter cloacae complex sp. 20178076M	GASTROINTESTINAL/ABDOMINAL
SRR25337863	1.982	Escherichia coli	blood
SRR25337864	1.003	Escherichia coli	GASTROINTESTINAL/ABDOMINAL
SRR25337865	2.122	Escherichia coli	blood
SRR25337866	1.024	Escherichia coli	RECTAL
SRR25337867	1.101	Escherichia coli	other
SRR25337868	1.019	Enterobacter cloacae	other
SRR25337869	0.336	Enterobacter cloacae	RECTAL
SRR25337870	0.633	Escherichia coli	RECTAL
SRR25337871	0.241	Escherichia coli	URINARY
SRR25337872	0.515	Escherichia coli	RECTAL
SRR25337873	0.558	Escherichia coli	RECTAL
SRR25337874	0.52	Escherichia coli	RECTAL
SRR25337875	0.506	Escherichia coli	RECTAL
SRR25337876	0.416	Escherichia coli	RECTAL
SRR25337877	0.344	Enterobacter cloacae	RECTAL
SRR25337878	0.357	Enterobacter cloacae	RECTAL
SRR25337879	0.378	Enterobacter cloacae	RECTAL
SRR25337880	0.519	Escherichia coli	URINARY
SRR25337881	0.181	Escherichia coli	RECTAL
SRR25337882	0.919	Escherichia coli	RECTAL
SRR25337883	2.209	Escherichia coli	GASTROINTESTINAL/ABDOMINAL
SRR25337884	0.558	Escherichia coli	RECTAL
SRR25337885	0.204	Escherichia coli	RECTAL
SRR25337886	0.358	Escherichia coli	blood
SRR25337887	0.243	Escherichia coli	RECTAL
SRR25337888	0.406	Escherichia coli	RECTAL
SRR25337889	0.497	Escherichia coli	RECTAL
SRR25337890	0.269	Escherichia coli	RECTAL
SRR25337891	0.366	Escherichia coli	RECTAL
SRR25337892	0.39	Escherichia coli	RECTAL
SRR25337893	2.43	Klebsiella pneumoniae	RECTAL
SRR25337894	0.402	Enterobacter cloacae	RECTAL
SRR25337895	0.577	Escherichia coli	RECTAL
SRR25337896	0.217	Escherichia coli	RECTAL
SRR25337897	0.269	Enterobacter cloacae	RECTAL
SRR25337898	0.357	Enterobacter cloacae	RECTAL
SRR25337899	0.309	Escherichia coli	RECTAL
SRR25337900	0.243	Escherichia coli	RECTAL
SRR25337901	0.227	Klebsiella pneumoniae	RECTAL
SRR25337902	0.355	Escherichia coli	RECTAL
SRR25337903	0.329	Enterobacter cloacae	RECTAL
SRR25337904	0.521	Escherichia coli	RECTAL
SRR25337905	0.515	Escherichia coli	RECTAL
SRR25337906	0.267	Klebsiella pneumoniae	RECTAL
SRR25337907	0.477	Escherichia coli	RECTAL
SRR25337909	0.32	Enterobacter cloacae	RECTAL
SRR25337910	0.407	Enterobacter cloacae	RECTAL
SRR25337911	0.561	Enterobacter cloacae	URINARY
SRR25337912	0.404	Escherichia coli	RECTAL
SRR25337913	1.976	Escherichia coli	blood
SRR25337914	0.994	Escherichia coli	wound
SRR25337915	2.482	Escherichia coli	respiratory
SRR25337916	0.281	Escherichia coli	RECTAL
SRR25337917	0.471	Escherichia coli	RECTAL
SRR25337918	1.15	Escherichia coli	blood
SRR25337919	0.613	Enterobacter cloacae	RECTAL
SRR25337920	0.35	Klebsiella pneumoniae	RECTAL
SRR25337921	0.377	Enterobacter cloacae	RECTAL
SRR25337922	1.263	Enterobacter cloacae	RECTAL
SRR25337923	0.394	Escherichia coli	RECTAL
SRR25337924	0.399	Enterobacter cloacae	RECTAL
SRR25337925	0.568	Escherichia coli	URINARY
SRR25337926	0.999	Enterobacter cloacae	SKIN/SOFT TISSUE
SRR25337927	0.481	Escherichia coli	RECTAL
SRR25337928	0.517	Escherichia coli	RECTAL
SRR25337929	0.377	Escherichia coli	RECTAL
SRR25337930	0.438	Enterobacter cloacae	RECTAL
SRR25337931	0.268	Enterobacter cloacae	RECTAL
SRR25337932	0.35	Enterobacter cloacae	RECTAL
SRR25337933	0.321	Escherichia coli	RECTAL
SRR25337934	0.3	Escherichia coli	RECTAL
SRR25337935	0.44	Escherichia coli	RECTAL
SRR25337936	0.272	Escherichia coli	RECTAL
SRR25337937	0.307	Escherichia coli	RECTAL
SRR25337938	0.255	Escherichia coli	RECTAL
SRR25337939	0.6	Escherichia coli	RECTAL
SRR25337940	0.343	Enterobacter cloacae	RECTAL
SRR25337941	3.07	Escherichia coli	GASTROINTESTINAL/ABDOMINAL
SRR25337942	0.337	Enterobacter cloacae	RECTAL
SRR25337943	0.212	Escherichia coli	RECTAL
SRR25337944	0.343	Escherichia coli	RECTAL
SRR25337945	0.285	Escherichia coli	RECTAL
SRR25337946	0.316	Escherichia coli	RECTAL
SRR25337947	1.008	Enterobacter cloacae	URINARY
SRR25337948	0.378	Escherichia coli	RECTAL
SRR25337949	0.446	Enterobacter cloacae	RECTAL
SRR25337950	0.341	Escherichia coli	RECTAL
SRR25337951	0.425	Escherichia coli	RECTAL
SRR25337952	1.037	Escherichia coli	wound
SRR25337953	1.074	Escherichia coli	RECTAL
SRR25337954	0.347	Enterobacter cloacae	RECTAL
SRR25337955	0.495	Escherichia coli	RECTAL
SRR25337956	0.437	Escherichia coli	RECTAL
SRR25337957	0.189	Enterobacter cloacae	RECTAL
SRR25337958	1.021	Enterobacter cloacae	GASTROINTESTINAL/ABDOMINAL
SRR25337959	0.376	Escherichia coli	RECTAL
SRR25337960	0.165	Escherichia coli	RECTAL
SRR25337961	0.325	Enterobacter cloacae	RECTAL
SRR25337962	0.401	Enterobacter cloacae	RECTAL
SRR25337963	0.155	Escherichia coli	RECTAL
SRR25337964	0.302	Escherichia coli	RECTAL
SRR25337965	2.433	Enterobacter cloacae	GASTROINTESTINAL/ABDOMINAL
SRR25337966	0.433	Escherichia coli	RECTAL
SRR25337967	2.491	Enterobacter cloacae	blood
SRR25337968	0.506	Enterobacter cloacae	RECTAL
SRR25337969	0.344	Escherichia coli	RECTAL
SRR25337970	1.076	Escherichia coli	GASTROINTESTINAL/ABDOMINAL
SRR25337971	0.437	Escherichia coli	RECTAL
SRR25337972	1.118	Escherichia coli	blood
SRR25337973	2.383	Escherichia coli	URINARY
SRR25337974	2.287	Escherichia coli	blood
SRR25337975	1.046	Escherichia coli	other
SRR25337976	1.046	Escherichia coli	other
SRR25337977	2.317	Enterobacter cloacae	other
SRR25337978	2.373	Enterobacter cloacae	respiratory
SRR25337979	2.603	Enterobacter cloacae	respiratory
SRR25337980	1.945	Escherichia coli	blood
SRR25337981	1.276	Escherichia coli	other
SRR25337982	0.371	Escherichia coli	RECTAL
SRR25337983	2.559	Escherichia coli	respiratory
SRR25337984	1.186	Escherichia coli	URINARY
SRR25337985	2.3	Enterobacter cloacae	URINARY
SRR25337986	2.125	Klebsiella pneumoniae	URINARY
SRR25337987	1.257	Escherichia coli	other
SRR25337988	1.182	Escherichia coli	URINARY
SRR25337989	2.28	Escherichia coli	respiratory
SRR25337990	0.538	Escherichia coli	RECTAL
SRR25337991	0.325	Escherichia coli	RECTAL
SRR25337992	2.409	Klebsiella oxytoca	GASTROINTESTINAL/ABDOMINAL
SRR25337993	0.398	Escherichia coli	RECTAL
SRR25337994	2.543	Klebsiella pneumoniae	URINARY
SRR25337995	0.391	Enterobacter cloacae	RECTAL
SRR25337996	2.272	Escherichia coli	other
SRR25337997	0.608	Enterobacter cloacae	RECTAL
SRR25337998	0.548	Enterobacter cloacae	RECTAL
SRR25337999	0.552	Escherichia coli	RECTAL
SRR25338000	0.271	Escherichia coli	RECTAL
SRR25338001	0.404	Escherichia coli	RECTAL
SRR25338002	0.332	Enterobacter cloacae	RECTAL
SRR25338003	0.41	Enterobacter cloacae	RECTAL
SRR25338004	0.41	Escherichia coli	RECTAL
SRR25338005	2.102	Escherichia coli	RECTAL
SRR25338006	0.495	Escherichia coli	RECTAL
SRR25338007	0.365	Klebsiella pneumoniae	RECTAL
SRR25338008	2.524	Escherichia coli	GASTROINTESTINAL/ABDOMINAL
SRR25338009	0.448	Escherichia coli	RECTAL
SRR25338010	2.067	Escherichia coli	URINARY
SRR25338011	0.411	Enterobacter cloacae	RECTAL
SRR25338012	0.366	Escherichia coli	RECTAL
SRR25338013	0.416	Enterobacter cloacae	RECTAL
SRR25338014	0.427	Enterobacter cloacae	other
SRR25338015	2.515	Enterobacter cloacae	blood
SRR25338016	0.486	Escherichia coli	RECTAL
SRR25338017	0.386	Escherichia coli	RECTAL
SRR25338018	0.388	Escherichia coli	RECTAL
SRR25338019	0.35	Escherichia coli	RECTAL
SRR25338020	0.36	Escherichia coli	RECTAL
SRR25338021	0.351	Escherichia coli	RECTAL
SRR25338022	0.368	Escherichia coli	RECTAL
SRR25338023	2.265	Escherichia coli	GASTROINTESTINAL/ABDOMINAL
SRR25338024	0.275	Escherichia coli	RECTAL
SRR25338025	0.453	Enterobacter cloacae	RECTAL
SRR25338026	0.346	Enterobacter cloacae	RECTAL
SRR25338027	0.37	Escherichia coli	RECTAL
SRR25338028	0.326	Enterobacter cloacae	RECTAL
SRR25338029	0.295	Escherichia coli	RECTAL
SRR25338030	2.16	Escherichia coli	blood
SRR25338031	0.374	Escherichia coli	RECTAL
SRR25338032	0.293	Escherichia coli	RECTAL
SRR25338033	0.328	Escherichia coli	RECTAL
SRR25338034	0.392	Escherichia coli	RECTAL
SRR25338035	0.375	Escherichia coli	RECTAL
SRR25338036	0.285	Enterobacter cloacae	RECTAL
SRR25338037	0.38	Enterobacter cloacae	RECTAL
SRR25338038	0.326	Escherichia coli	RECTAL
SRR25338039	0.346	Enterobacter cloacae	RECTAL
SRR25338040	0.252	Escherichia coli	RECTAL
SRR25338041	0.326	Escherichia coli	RECTAL
SRR25338042	1.14	Enterobacter cloacae	respiratory
SRR25338043	0.403	Escherichia coli	RECTAL
SRR25338044	2.019	Escherichia coli	GASTROINTESTINAL/ABDOMINAL
SRR25338045	0.389	Escherichia coli	RECTAL
SRR25338046	0.298	Escherichia coli	RECTAL
SRR25338047	0.334	Escherichia coli	RECTAL
SRR25338048	1.161	Enterobacter cloacae	other
SRR25338049	0.3	Escherichia coli	RECTAL
SRR25338050	0.413	Enterobacter cloacae	RECTAL
SRR25338051	1.081	Enterobacter cloacae	RECTAL
SRR25338052	0.333	Enterobacter cloacae	RECTAL
SRR25338053	0.263	Escherichia coli	RECTAL
SRR25338054	0.274	Klebsiella pneumoniae	RECTAL
SRR25338055	0.329	Escherichia coli	RECTAL
SRR25338056	0.331	Escherichia coli	RECTAL
SRR25338057	0.336	Klebsiella pneumoniae	RECTAL
SRR25338058	0.402	Escherichia coli	RECTAL
SRR25338059	0.42	Enterobacter cloacae	RECTAL
SRR25338060	0.495	Escherichia coli	RECTAL
SRR25338061	0.36	Enterobacter cloacae	RECTAL
SRR25338062	0.244	Enterobacter cloacae	RECTAL
SRR25338063	0.398	Enterobacter cloacae	RECTAL
SRR25338064	0.396	Enterobacter cloacae	RECTAL
SRR25338065	1.374	Escherichia coli	URINARY
SRR25338066	0.31	Escherichia coli	RECTAL
SRR25338067	0.445	Escherichia coli	RECTAL
SRR25338068	0.353	Escherichia coli	RECTAL
SRR25338069	2.085	Enterobacter cloacae	respiratory
SRR25338070	0.353	Escherichia coli	RECTAL
SRR25338071	1.169	Enterobacter cloacae	respiratory
SRR25338072	2.201	Enterobacter cloacae	respiratory
SRR25338073	0.446	Enterobacter cloacae	RECTAL
SRR25338074	0.296	Escherichia coli	RECTAL
SRR25338075	0.344	Enterobacter cloacae	RECTAL
SRR25338076	2.308	Enterobacter cloacae	respiratory
SRR25338077	0.311	Escherichia coli	RECTAL
SRR25338078	0.346	Escherichia coli	RECTAL
SRR25338079	0.32	Enterobacter cloacae	RECTAL
SRR25338080	0.426	Escherichia coli	RECTAL
SRR25338081	0.416	Enterobacter cloacae	RECTAL
SRR25338082	0.322	Enterobacter cloacae	respiratory
SRR25338083	0.41	Escherichia coli	RECTAL
SRR25338084	0.303	Enterobacter cloacae	RECTAL
SRR25338085	1.164	Enterobacter cloacae	GASTROINTESTINAL/ABDOMINAL
SRR25338086	0.303	Escherichia coli	RECTAL
SRR25338087	1.138	Escherichia coli	RECTAL
SRR25338088	1.079	Escherichia coli	RECTAL
SRR25338089	0.292	Escherichia coli	RECTAL
SRR25338090	0.381	Enterobacter cloacae	RECTAL
SRR25338091	0.276	Klebsiella pneumoniae	RECTAL
SRR25338092	0.4	Enterobacter cloacae	RECTAL
SRR25338093	2.221	Escherichia coli	respiratory
SRR25338094	0.405	Escherichia coli	RECTAL
SRR25338095	0.382	Enterobacter cloacae	RECTAL
SRR25338096	0.386	Escherichia coli	RECTAL
SRR25338097	1.697	Klebsiella pneumoniae	respiratory
SRR25473670	1.57	Klebsiella pneumoniae	RECTAL
SRR25473671	1.186	Klebsiella pneumoniae	RECTAL
SRR25473672	1.598	Klebsiella pneumoniae	RECTAL
SRR25473673	1.487	Klebsiella pneumoniae	RECTAL
SRR25473674	1.548	Klebsiella pneumoniae	RECTAL
SRR25473675	1.688	Klebsiella pneumoniae	RECTAL
SRR25473676	1.478	Klebsiella pneumoniae	URINARY
SRR25473677	1.6	Klebsiella pneumoniae	respiratory
SRR25473678	1.417	Klebsiella pneumoniae	URINARY
SRR25473679	1.66	Klebsiella pneumoniae	blood
SRR25473680	1.83	Klebsiella pneumoniae	RECTAL
SRR25473681	1.777	Enterobacter cloacae complex sp. EC4348	SKIN/SOFT TISSUE
SRR25473682	1.694	Enterobacter cloacae complex sp. 20215434S	RECTAL
SRR25473683	1.637	Klebsiella pneumoniae	wound
SRR25473684	1.425	Klebsiella pneumoniae	RECTAL
SRR25473685	1.244	Klebsiella pneumoniae	RECTAL
SRR25473686	1.665	Klebsiella pneumoniae	RECTAL
SRR25473687	1.848	Klebsiella pneumoniae	RECTAL
SRR25473688	2.2	Klebsiella pneumoniae	RECTAL
SRR25473689	1.879	Klebsiella pneumoniae	RECTAL
SRR25473690	1.874	Klebsiella pneumoniae	RECTAL
SRR25473691	2.029	Klebsiella pneumoniae	RECTAL
SRR25473692	1.996	Klebsiella pneumoniae	URINARY
SRR25473693	1.458	Klebsiella pneumoniae	RECTAL
SRR25473694	1.537	Klebsiella quasipneumoniae	RECTAL
SRR25473695	1.352	Klebsiella pneumoniae	RECTAL
SRR25473696	1.486	Klebsiella pneumoniae	RECTAL
SRR25473697	1.754	Klebsiella pneumoniae	RECTAL
SRR25473698	1.483	Klebsiella pneumoniae	RECTAL
SRR25473699	1.811	Klebsiella pneumoniae	RECTAL
SRR25473700	1.895	Klebsiella quasipneumoniae	RECTAL
SRR25473701	1.656	Klebsiella pneumoniae	RECTAL
SRR25473702	1.289	Klebsiella quasipneumoniae	RECTAL
SRR25473703	1.571	Klebsiella aerogenes	wound
SRR25705593	1.429	Klebsiella pneumoniae	URINARY
SRR25705594	1.356	Escherichia coli	RECTAL
SRR25705595	1.771	Escherichia coli	URINARY
SRR25752094	1.32	Klebsiella pneumoniae	blood
SRR25752095	1.844	Klebsiella pneumoniae	blood
SRR25783241	2.773	Klebsiella pneumoniae	respiratory
SRR25783242	1.385	Klebsiella aerogenes	respiratory
